<?xml version="1.0" encoding="UTF-8"?>
<con:soapui-project id="af14a572-3506-49fb-8040-21f0c13d2514" created="3.30.0" activeEnvironment="Default environment" name="REST Project 1" resourceRoot="" updated="3.30.0 2022-03-16T13:04:41Z" encryptionMode="Not encrypted" xmlns:con="http://eviware.com/soapui/config">
  <con:settings>
    <con:setting id="com.eviware.soapui.impl.wsdl.actions.iface.tools.soapui.ProTestRunnerAction@values-local"><![CDATA[<xml-fragment xmlns:con="http://eviware.com/soapui/config">
  <con:entry key="Settings File Password" value=""/>
  <con:entry key="Report Format(s)" value="XML"/>
  <con:entry key="Host:Port" value=""/>
  <con:entry key="Export JUnit Results" value="true"/>
  <con:entry key="Export All" value="true"/>
  <con:entry key="Save After" value="false"/>
  <con:entry key="Slack Channel(s)" value=""/>
  <con:entry key="Add Settings" value="false"/>
  <con:entry key="WSS Password Type" value=""/>
  <con:entry key="Endpoint" value=""/>
  <con:entry key="Test Suite Tags" value=""/>
  <con:entry key="Select Report Type" value="JUnit-Style report for automation"/>
  <con:entry key="System Properties" value=""/>
  <con:entry key="Test Suite" value="https://petstore.swagger.io Test Suite"/>
  <con:entry key="Run in-process" value="false"/>
  <con:entry key="Password" value=""/>
  <con:entry key="Print Report" value="true"/>
  <con:entry key="Open Report" value="false"/>
  <con:entry key="Test Case Tags" value=""/>
  <con:entry key="Export JUnit Results with test properties" value="false"/>
  <con:entry key="Global Properties" value=""/>
  <con:entry key="Project Properties" value=""/>
  <con:entry key="Test Case" value="https://petstore.swagger.io Test Case 1"/>
  <con:entry key="Slack Access Token" value=""/>
  <con:entry key="Project Password" value=""/>
  <con:entry key="Username" value=""/>
  <con:entry key="TestRunner Path" value="C:\Program Files\SmartBear\ReadyAPI-3.30.0\bin"/>
  <con:entry key="Environment" value="No Environment"/>
  <con:entry key="Coverage Report" value="false"/>
  <con:entry key="Enable UI" value="false"/>
  <con:entry key="Root Folder" value="${WORKSPACE}"/>
  <con:entry key="Ignore Errors" value="false"/>
  <con:entry key="Domain" value=""/>
  <con:entry key="Tool Args" value=""/>
  <con:entry key="Save Project" value="false"/>
</xml-fragment>]]></con:setting>
  </con:settings>
  <con:interface xsi:type="con:RestService" id="def1bb64-e1fc-4050-9ac1-39681601d3aa" wadlVersion="http://wadl.dev.java.net/2009/02" name="https://petstore.swagger.io" type="rest" xmlns:xsi="http://www.w3.org/2001/XMLSchema-instance">
    <con:settings/>
    <con:definitionCache type="TEXT" rootPart=""/>
    <con:endpoints>
      <con:endpoint>https://petstore.swagger.io</con:endpoint>
    </con:endpoints>
    <con:resource name="FindByStatus" path="/v2/pet/findByStatus" id="ebbc076b-6eca-48d4-814b-54d37f2a48b0">
      <con:settings/>
      <con:parameters/>
      <con:method name="FindByStatus" id="58da22df-b972-49a3-b961-6a2912233b66" method="GET">
        <con:settings/>
        <con:parameters>
          <con:parameter required="true">
            <con:name>status</con:name>
            <con:value>sold</con:value>
            <con:style>QUERY</con:style>
            <con:default>sold</con:default>
            <con:path xsi:nil="true"/>
            <con:description xsi:nil="true"/>
          </con:parameter>
        </con:parameters>
        <con:representation type="RESPONSE">
          <con:mediaType>application/json</con:mediaType>
          <con:status>200</con:status>
          <con:params/>
          <con:element>Response</con:element>
        </con:representation>
        <con:request name="Request 1" id="072e6eb5-2d8c-470b-9d54-428a55f5cc69" mediaType="application/json">
          <con:settings>
            <con:setting id="com.eviware.soapui.impl.wsdl.WsdlRequest@request-headers">&lt;xml-fragment/></con:setting>
          </con:settings>
          <con:endpoint>https://petstore.swagger.io</con:endpoint>
          <con:request/>
          <con:originalUri>https://petstore.swagger.io/v2/pet/findByStatus</con:originalUri>
          <con:credentials>
            <con:selectedAuthProfile>No Authorization</con:selectedAuthProfile>
            <con:authType>No Authorization</con:authType>
          </con:credentials>
          <con:jmsConfig JMSDeliveryMode="PERSISTENT"/>
          <con:parameters>
            <con:entry key="status" value="available"/>
          </con:parameters>
          <con:parameterOrder>
            <con:entry>status</con:entry>
          </con:parameterOrder>
        </con:request>
      </con:method>
    </con:resource>
    <con:resource name="AddPet" path="/v2/pet" id="86b6bd2a-f960-48fc-a32e-fabb827d5969">
      <con:settings/>
      <con:parameters/>
      <con:resource name="{petId}" path="{petId}" id="366c5c51-4f70-44ce-b2db-0e00fb6e6e9d">
        <con:settings/>
        <con:parameters>
          <con:parameter required="true">
            <con:name>petId</con:name>
            <con:value>petId</con:value>
            <con:style>TEMPLATE</con:style>
            <con:default>petId</con:default>
          </con:parameter>
        </con:parameters>
        <con:method name="Method 1" id="033067f6-7dd6-4a75-a127-2e6368a72b5d" method="DELETE">
          <con:settings/>
          <con:parameters/>
          <con:representation type="REQUEST">
            <con:mediaType>application/json</con:mediaType>
            <con:params/>
          </con:representation>
          <con:representation type="FAULT">
            <con:mediaType>application/json</con:mediaType>
            <con:status>404</con:status>
            <con:params/>
            <con:element xmlns:pet="https://petstore.swagger.io/v2/pet/petId">pet:Fault</con:element>
          </con:representation>
          <con:representation type="RESPONSE">
            <con:mediaType>application/json</con:mediaType>
            <con:status>200</con:status>
            <con:params/>
            <con:element xmlns:pet="https://petstore.swagger.io/v2/pet/petId">pet:Response</con:element>
          </con:representation>
          <con:representation type="FAULT">
            <con:mediaType xsi:nil="true"/>
            <con:status>404</con:status>
            <con:params/>
            <con:element>data</con:element>
          </con:representation>
          <con:request name="Request 1" id="d18aa121-c176-46c2-897a-468b43fe8835" mediaType="application/json" postQueryString="false">
            <con:settings/>
            <con:endpoint>https://petstore.swagger.io</con:endpoint>
            <con:request/>
            <con:credentials>
              <con:selectedAuthProfile>No Authorization</con:selectedAuthProfile>
              <con:authType>No Authorization</con:authType>
            </con:credentials>
            <con:jmsConfig JMSDeliveryMode="PERSISTENT"/>
            <con:parameters/>
          </con:request>
        </con:method>
      </con:resource>
      <con:method name="Method 1" id="6415993c-95d7-469a-bb54-65270d096da8" method="POST">
        <con:settings/>
        <con:parameters/>
        <con:representation type="RESPONSE">
          <con:mediaType>application/json</con:mediaType>
          <con:status>200</con:status>
          <con:params/>
          <con:element xmlns:pet="https://petstore.swagger.io/v2/pet">pet:Response</con:element>
        </con:representation>
        <con:representation type="REQUEST">
          <con:mediaType>application/json</con:mediaType>
          <con:params/>
        </con:representation>
        <con:request name="Request 1" id="1536a84c-05e5-4c6f-b176-86017d849720" mediaType="application/json" postQueryString="false">
          <con:settings/>
          <con:endpoint>https://petstore.swagger.io</con:endpoint>
          <con:request/>
          <con:credentials>
            <con:selectedAuthProfile>No Authorization</con:selectedAuthProfile>
            <con:authType>No Authorization</con:authType>
          </con:credentials>
          <con:jmsConfig JMSDeliveryMode="PERSISTENT"/>
          <con:parameters/>
        </con:request>
      </con:method>
    </con:resource>
    <con:resource name="login" path="/v2/user/login" id="7b0237f1-f549-4594-b7a3-0db44d6a1d44">
      <con:settings/>
      <con:parameters>
        <con:parameter required="true">
          <con:name>username</con:name>
          <con:value>{username}</con:value>
          <con:style>QUERY</con:style>
          <con:default>{username}</con:default>
        </con:parameter>
        <con:parameter required="true">
          <con:name>password</con:name>
          <con:value>{password}</con:value>
          <con:style>QUERY</con:style>
          <con:default>{password}</con:default>
        </con:parameter>
      </con:parameters>
      <con:method name="Method 1" id="ef57d792-224d-4a07-b288-76d330cffe30" method="GET">
        <con:settings/>
        <con:parameters/>
        <con:representation type="RESPONSE">
          <con:mediaType>application/json</con:mediaType>
          <con:status>200</con:status>
          <con:params/>
          <con:element xmlns:log="https://petstore.swagger.io/v2/user/login">log:Response</con:element>
        </con:representation>
        <con:request name="Request 1" id="ebbb75e2-3ed2-4d57-9d4d-be1f726dbb28" mediaType="application/json">
          <con:settings>
            <con:setting id="com.eviware.soapui.impl.wsdl.WsdlRequest@request-headers">&lt;xml-fragment/></con:setting>
          </con:settings>
          <con:endpoint>https://petstore.swagger.io</con:endpoint>
          <con:request/>
          <con:originalUri>https://petstore.swagger.io/v2/user/login</con:originalUri>
          <con:credentials>
            <con:selectedAuthProfile>No Authorization</con:selectedAuthProfile>
            <con:authType>No Authorization</con:authType>
          </con:credentials>
          <con:jmsConfig JMSDeliveryMode="PERSISTENT"/>
          <con:parameters>
            <con:entry key="password" value="pwd"/>
            <con:entry key="username" value="Ketu"/>
          </con:parameters>
        </con:request>
      </con:method>
    </con:resource>
    <con:resource name="Get Info" path="/v2/user/{username}" id="845e72c5-4438-46b2-bd23-9eb28fc1ced5">
      <con:settings/>
      <con:parameters>
        <con:parameter required="true">
          <con:name>username</con:name>
          <con:value>username</con:value>
          <con:style>TEMPLATE</con:style>
          <con:default>username</con:default>
        </con:parameter>
      </con:parameters>
      <con:method name="Method 1" id="7092e2cc-b6aa-4b1c-abde-9bcc5a748773" method="GET">
        <con:settings/>
        <con:parameters/>
        <con:representation type="FAULT">
          <con:mediaType>application/json</con:mediaType>
          <con:status>404</con:status>
          <con:params/>
          <con:element xmlns:ketu="https://petstore.swagger.io/v2/user/ketu">ketu:Fault</con:element>
        </con:representation>
        <con:representation type="RESPONSE">
          <con:mediaType>application/json</con:mediaType>
          <con:status>200</con:status>
          <con:params/>
          <con:element xmlns:ketu="https://petstore.swagger.io/v2/user/ketu">ketu:Response</con:element>
        </con:representation>
        <con:representation type="FAULT">
          <con:mediaType>text/html; charset=utf-8</con:mediaType>
          <con:status>404</con:status>
          <con:params/>
          <con:element>html</con:element>
        </con:representation>
        <con:request name="Request 1" id="12d3f687-58cd-43c7-8103-b0759e6d7a38" mediaType="application/json">
          <con:settings/>
          <con:endpoint>https://petstore.swagger.io</con:endpoint>
          <con:request/>
          <con:credentials>
            <con:selectedAuthProfile>No Authorization</con:selectedAuthProfile>
            <con:authType>No Authorization</con:authType>
          </con:credentials>
          <con:jmsConfig JMSDeliveryMode="PERSISTENT"/>
          <con:parameters/>
        </con:request>
      </con:method>
    </con:resource>
    <con:resource name="New User" path="/v2/user" id="c47722ac-92de-4c53-b68a-eb99672d9bec">
      <con:settings/>
      <con:parameters/>
      <con:method name="Method 1" id="6d2e3094-8956-4bc5-aa4a-728052f717ee" method="POST">
        <con:settings/>
        <con:parameters/>
        <con:representation type="REQUEST">
          <con:mediaType>application/json</con:mediaType>
          <con:params/>
        </con:representation>
        <con:representation type="RESPONSE">
          <con:mediaType>application/json</con:mediaType>
          <con:status>200</con:status>
          <con:params/>
          <con:element xmlns:user="https://petstore.swagger.io/v2/user">user:Response</con:element>
        </con:representation>
        <con:representation type="RESPONSE">
          <con:mediaType>text/html; charset=utf-8</con:mediaType>
          <con:status>301</con:status>
          <con:params/>
          <con:element>html</con:element>
        </con:representation>
        <con:request name="Request 1" id="cfb0b74d-4750-40e2-a0e9-a19f2a84fdfd" mediaType="application/json" postQueryString="false">
          <con:settings/>
          <con:endpoint>https://petstore.swagger.io</con:endpoint>
          <con:request/>
          <con:credentials>
            <con:selectedAuthProfile>No Authorization</con:selectedAuthProfile>
            <con:authType>No Authorization</con:authType>
          </con:credentials>
          <con:jmsConfig JMSDeliveryMode="PERSISTENT"/>
          <con:parameters/>
        </con:request>
      </con:method>
    </con:resource>
  </con:interface>
  <con:testSuite id="34cccd58-2d55-4839-8e40-35b86cd3d01a" name="https://petstore.swagger.io Test Suite">
    <con:settings/>
    <con:runType>SEQUENTIAL</con:runType>
    <con:testCase id="9455b363-6844-46ae-ad1c-3edf69cafbf2" discardOkResults="false" failOnError="true" failTestCaseOnErrors="true" keepSession="false" name="https://petstore.swagger.io Test Case 1" searchProperties="true" timeout="0">
      <con:settings>
        <con:setting id="IncludeOverview">true</con:setting>
        <con:setting id="IncludeResults">true</con:setting>
        <con:setting id="FlowLayout">false</con:setting>
        <con:setting id="ErrorDetails">true</con:setting>
        <con:setting id="IncludeCoverage">true</con:setting>
      </con:settings>
      <con:testStep type="restrequest" name="Get Details" id="64450a0d-cf7d-4623-a247-f09c842478de">
        <con:settings/>
        <con:config service="https://petstore.swagger.io" resourcePath="/v2/pet/findByStatus" methodName="FindByStatus" xsi:type="con:RestRequestStep" xmlns:xsi="http://www.w3.org/2001/XMLSchema-instance">
          <con:restRequest name="Get Details" id="072e6eb5-2d8c-470b-9d54-428a55f5cc69" mediaType="application/json">
            <con:settings>
              <con:setting id="com.eviware.soapui.impl.wsdl.WsdlRequest@request-headers">&lt;xml-fragment/></con:setting>
            </con:settings>
            <con:endpoint>https://petstore.swagger.io</con:endpoint>
            <con:request/>
            <con:originalUri>https://petstore.swagger.io/v2/pet/findByStatus</con:originalUri>
            <con:assertion type="Valid HTTP Status Codes" id="ba854be9-dc9e-4285-87ed-a92d30d9538b" name="Valid HTTP Status Codes">
              <con:settings/>
              <con:configuration>
                <codes>200</codes>
              </con:configuration>
            </con:assertion>
            <con:credentials>
              <con:selectedAuthProfile>No Authorization</con:selectedAuthProfile>
              <con:authType>No Authorization</con:authType>
            </con:credentials>
            <con:jmsConfig JMSDeliveryMode="PERSISTENT"/>
            <con:parameters>
              <con:entry key="status" value="alive"/>
            </con:parameters>
            <con:parameterOrder>
              <con:entry>status</con:entry>
            </con:parameterOrder>
          </con:restRequest>
        </con:config>
      </con:testStep>
      <con:testStep type="restrequest" name="Add Pet" id="a81729e8-bff6-41ad-9486-85a79b030747">
        <con:settings/>
        <con:config service="https://petstore.swagger.io" resourcePath="/v2/pet" methodName="Method 1" xsi:type="con:RestRequestStep" xmlns:xsi="http://www.w3.org/2001/XMLSchema-instance">
          <con:restRequest name="Add Pet" id="1536a84c-05e5-4c6f-b176-86017d849720" mediaType="application/json" postQueryString="false">
            <con:settings>
              <con:setting id="com.eviware.soapui.impl.wsdl.WsdlRequest@request-headers">&lt;xml-fragment/></con:setting>
            </con:settings>
            <con:encoding/>
            <con:endpoint>https://petstore.swagger.io</con:endpoint>
            <con:request>{
	"id": 432112,
	"name": "Milano",
	"status": "alive"
}</con:request>
            <con:originalUri>https://petstore.swagger.io/v2/pet</con:originalUri>
            <con:assertion type="Valid HTTP Status Codes" id="33cea933-62fc-4436-92c4-c46af693ef9a" name="Valid HTTP Status Codes">
              <con:settings/>
              <con:configuration>
                <codes>200</codes>
              </con:configuration>
            </con:assertion>
            <con:credentials>
              <con:selectedAuthProfile>No Authorization</con:selectedAuthProfile>
              <con:authType>No Authorization</con:authType>
            </con:credentials>
            <con:jmsConfig JMSDeliveryMode="PERSISTENT"/>
            <con:parameters/>
          </con:restRequest>
        </con:config>
      </con:testStep>
      <con:testStep type="restrequest" name="Delete Pet" id="4bda16d8-d44c-47c8-ae35-55bb977268fd">
        <con:settings/>
        <con:config service="https://petstore.swagger.io" resourcePath="/v2/pet/{petId}" methodName="Method 1" xsi:type="con:RestRequestStep" xmlns:xsi="http://www.w3.org/2001/XMLSchema-instance">
          <con:restRequest name="Delete Pet" id="d18aa121-c176-46c2-897a-468b43fe8835" mediaType="application/json" postQueryString="false">
            <con:settings>
              <con:setting id="com.eviware.soapui.impl.wsdl.WsdlRequest@request-headers">&lt;xml-fragment/></con:setting>
            </con:settings>
            <con:endpoint>https://petstore.swagger.io</con:endpoint>
            <con:request/>
            <con:originalUri>https://petstore.swagger.io/v2/pet/petId</con:originalUri>
            <con:assertion type="Valid HTTP Status Codes" id="87d5fbc1-944f-4aee-8a2e-ddf7515dfc9b" name="Valid HTTP Status Codes">
              <con:settings/>
              <con:configuration>
                <codes>200</codes>
              </con:configuration>
            </con:assertion>
            <con:credentials>
              <con:selectedAuthProfile>No Authorization</con:selectedAuthProfile>
              <con:authType>No Authorization</con:authType>
            </con:credentials>
            <con:jmsConfig JMSDeliveryMode="PERSISTENT"/>
            <con:parameters>
              <con:entry key="petId" value="432112"/>
            </con:parameters>
          </con:restRequest>
        </con:config>
      </con:testStep>
      <con:testStep type="jdbc" name="JDBC Request" id="209d59f2-51ef-43d0-ba33-d5921637112d">
        <con:settings>
          <con:setting id="prettyPrintResponse">true</con:setting>
        </con:settings>
        <con:config xsi:type="con:JdbcRequestTestStep" convertColumnNamesToUpperCase="true" xmlns:xsi="http://www.w3.org/2001/XMLSchema-instance">
          <con:dbConnectionName>test1</con:dbConnectionName>
          <con:driver>com.mysql.jdbc.Driver</con:driver>
          <con:connectionString>jdbc:mysql://remotemysql.com:3306/CGpfjlbstY?user=CGpfjlbstY&amp;password=PASS_VALUE</con:connectionString>
          <con:password>Sav3dVDTJ4</con:password>
          <con:connectionProperties/>
          <con:query>Select petData.petID, petData.petName, petData.petStatus
From petData</con:query>
          <con:properties/>
        </con:config>
      </con:testStep>
      <con:testStep type="restrequest" name="Login User" id="142dcd7e-c936-4cd6-a575-92feb3ccc834">
        <con:settings/>
        <con:config service="https://petstore.swagger.io" resourcePath="/v2/user/login" methodName="Method 1" xsi:type="con:RestRequestStep" xmlns:xsi="http://www.w3.org/2001/XMLSchema-instance">
          <con:restRequest name="Login User" id="ebbb75e2-3ed2-4d57-9d4d-be1f726dbb28" mediaType="application/json">
            <con:settings>
              <con:setting id="com.eviware.soapui.impl.wsdl.WsdlRequest@request-headers">&lt;xml-fragment/></con:setting>
            </con:settings>
            <con:endpoint>https://petstore.swagger.io</con:endpoint>
            <con:request/>
            <con:originalUri>https://petstore.swagger.io/v2/user/login</con:originalUri>
            <con:assertion type="Valid HTTP Status Codes" id="1c6ed240-15f6-4bc5-99e1-caafefa14986" name="Valid HTTP Status Codes">
              <con:settings/>
              <con:configuration>
                <codes>200</codes>
              </con:configuration>
            </con:assertion>
            <con:credentials>
              <con:selectedAuthProfile>No Authorization</con:selectedAuthProfile>
              <con:authType>No Authorization</con:authType>
            </con:credentials>
            <con:jmsConfig JMSDeliveryMode="PERSISTENT"/>
            <con:parameters>
              <con:entry key="password" value="pwd"/>
              <con:entry key="username" value="Ketu"/>
            </con:parameters>
          </con:restRequest>
        </con:config>
      </con:testStep>
      <con:testStep type="restrequest" name="Get Info" id="3385262f-735c-40dc-af76-cd4772160e51">
        <con:settings/>
        <con:config service="https://petstore.swagger.io" resourcePath="/v2/user/{username}" methodName="Method 1" xsi:type="con:RestRequestStep" xmlns:xsi="http://www.w3.org/2001/XMLSchema-instance">
          <con:restRequest name="Get Info" id="12d3f687-58cd-43c7-8103-b0759e6d7a38" mediaType="application/json">
            <con:settings>
              <con:setting id="com.eviware.soapui.impl.wsdl.WsdlRequest@request-headers">&lt;xml-fragment/></con:setting>
            </con:settings>
            <con:encoding/>
            <con:endpoint>https://petstore.swagger.io</con:endpoint>
            <con:request/>
            <con:originalUri>https://petstore.swagger.io/v2/user/ketu</con:originalUri>
            <con:assertion type="Valid HTTP Status Codes" id="6e94b075-b646-457f-8bab-40dda8c08709" name="Valid HTTP Status Codes">
              <con:settings/>
              <con:configuration>
                <codes>200</codes>
              </con:configuration>
            </con:assertion>
            <con:credentials>
              <con:selectedAuthProfile>No Authorization</con:selectedAuthProfile>
              <con:authType>No Authorization</con:authType>
            </con:credentials>
            <con:jmsConfig JMSDeliveryMode="PERSISTENT"/>
            <con:parameters>
              <con:entry key="username" value="Ketu"/>
            </con:parameters>
          </con:restRequest>
        </con:config>
      </con:testStep>
      <con:testStep type="restrequest" name="Add new User" id="1055d896-2220-4165-ac85-383c502ff4c3">
        <con:settings/>
        <con:config service="https://petstore.swagger.io" resourcePath="/v2/user" methodName="Method 1" xsi:type="con:RestRequestStep" xmlns:xsi="http://www.w3.org/2001/XMLSchema-instance">
          <con:restRequest name="Add new User" id="cfb0b74d-4750-40e2-a0e9-a19f2a84fdfd" mediaType="application/json" postQueryString="false">
            <con:settings>
              <con:setting id="com.eviware.soapui.impl.wsdl.WsdlRequest@request-headers">&lt;xml-fragment/></con:setting>
            </con:settings>
            <con:endpoint>https://petstore.swagger.io</con:endpoint>
            <con:request>{
    "id": 1,
    "username": "Ketu",
    "firstName": "Ketu",
    "lastName": "Doe",
    "email": "john@doe.com",
    "password": "testuser",
    "phone": "234567890",
    "userStatus": 0
}</con:request>
            <con:originalUri>https://petstore.swagger.io/v2/user</con:originalUri>
            <con:assertion type="Valid HTTP Status Codes" id="f3df3628-5abd-4935-bf5a-286e45fc024f" name="Valid HTTP Status Codes">
              <con:settings/>
              <con:configuration>
                <codes>200</codes>
              </con:configuration>
            </con:assertion>
            <con:credentials>
              <con:selectedAuthProfile>No Authorization</con:selectedAuthProfile>
              <con:authType>No Authorization</con:authType>
            </con:credentials>
            <con:jmsConfig JMSDeliveryMode="PERSISTENT"/>
            <con:parameters/>
          </con:restRequest>
        </con:config>
      </con:testStep>
      <con:properties>
        <con:property userSpecific="true">
          <con:name>Pet ID</con:name>
          <con:value/>
        </con:property>
      </con:properties>
      <con:reportParameters/>
      <con:breakPoints>
        <con:testStepId>64450a0d-cf7d-4623-a247-f09c842478de</con:testStepId>
        <con:status>NONE</con:status>
        <con:properties/>
      </con:breakPoints>
      <con:breakPoints>
        <con:testStepId>a81729e8-bff6-41ad-9486-85a79b030747</con:testStepId>
        <con:status>NONE</con:status>
        <con:properties/>
      </con:breakPoints>
      <con:breakPoints>
        <con:testStepId>4bda16d8-d44c-47c8-ae35-55bb977268fd</con:testStepId>
        <con:status>NONE</con:status>
        <con:properties/>
      </con:breakPoints>
      <con:breakPoints>
        <con:testStepId>209d59f2-51ef-43d0-ba33-d5921637112d</con:testStepId>
        <con:status>NONE</con:status>
        <con:properties/>
      </con:breakPoints>
      <con:breakPoints>
        <con:testStepId>142dcd7e-c936-4cd6-a575-92feb3ccc834</con:testStepId>
        <con:status>NONE</con:status>
        <con:properties/>
      </con:breakPoints>
      <con:breakPoints>
        <con:testStepId>3385262f-735c-40dc-af76-cd4772160e51</con:testStepId>
        <con:status>NONE</con:status>
        <con:properties/>
      </con:breakPoints>
      <con:breakPoints>
        <con:testStepId>1055d896-2220-4165-ac85-383c502ff4c3</con:testStepId>
        <con:status>NONE</con:status>
        <con:properties/>
      </con:breakPoints>
    </con:testCase>
    <con:properties/>
    <con:reportParameters/>
  </con:testSuite>
  <con:requirements/>
  <con:properties/>
  <con:wssContainer/>
  <con:databaseConnectionContainer>
    <con:databaseConnection>
      <con:name>test1</con:name>
      <con:driver>com.mysql.jdbc.Driver</con:driver>
      <con:connectionString>jdbc:mysql://remotemysql.com:3306/CGpfjlbstY?user=CGpfjlbstY&amp;password=PASS_VALUE</con:connectionString>
      <con:password>Sav3dVDTJ4</con:password>
      <con:connectionProperties/>
    </con:databaseConnection>
  </con:databaseConnectionContainer>
  <con:jmsConnectionContainer/>
  <con:oAuth2ProfileContainer/>
  <con:oAuth1ProfileContainer/>
  <con:reporting>
    <con:xmlTemplates/>
    <con:parameters/>
  </con:reporting>
  <con:eventHandlers type="RequestFilter.filterRequest" name="RequestFilter.filterRequest">
    <con:script>// Sample event script to add custom HTTP header to all outgoing REST, SOAP and HTTP(S) calls
// This code is often used for adding custom authentication to ReadyAPI functional tests

// If hardcoding the token, uncomment and change line 5
// token = '4567'

// If your token is parameterized in Project level custom property, uncomment line 8
// token = request.parent.testCase.testSuite.project.getProperty('auth_token').getValue()

// To modify all outgoing calls, remove comments from lines 11 to 16
// headers = request.requestHeaders
// if (headers.containsKey('auth_token2') == false) {
//   headers.put('auth_token2', token)
//   request.requestHeaders = headers
// }</con:script>
  </con:eventHandlers>
  <con:eventHandlers type="TestRunListener.afterStep" name="TestRunListener.afterStep">
    <con:script>// Save all test step results into files
// Change the directory path in line 5 to a location where you want to store details
// then uncomment lines 5 to 10

// filePath = 'C:\\tempOutputDirectory\\'
// fos = new java.io.FileOutputStream(filePath + testStepResult.testStep.label + '.txt', true)
// pw = new java.io.PrintWriter(fos)
// testStepResult.writeTo(pw)
// pw.close()
// fos.close()</con:script>
  </con:eventHandlers>
  <con:authRepository/>
  <con:tags/>
</con:soapui-project>
